name,short_name,doc_name,reference_name,year,reference_url,date,unit,АР Крим,Вінницька,Волинська,Дніпропетровська,Донецька,Житомирська,Закарпатська,Запорізька,Івано-Франківська,Київська,Новосербська,Луганська,Львівська,Миколаївська,Одеська,Полтавська,Рівненська,Сумська,Тернопільська,Харківська,Херсонська,Хмельницька,Черкаська,Чернівецька,Чернигівська,м. Київ,м. Севастополь
Середня заробітна плата на 1 працюючого,середня зарплата,Сайт,Державна служба статистики України,2012,http://www.ukrstat.gov.ua/operativ/operativ2012/gdn/reg_zp_m/reg_zpm12_u.htm,31.12.2012,грн,2987,2694,2591,3385,3811,2617,2695,3155,2682,3528,2660,3335,2791,3321,3100,3215,2903,2722,2466,3068,2543,2728,2726,2628,2498,5368,3655
Коефіціент народжуваності,народжуваність,Сайт,Державна служба статистики України,2012,http://www.ukrstat.gov.ua/operativ/operativ2012/ds/pp/pp_u/pp12_u.html,31.12.2012,-,"12,60","11,20","14,80","11,20","9,80","12,20","15,10","10,60","12,40","12,20","11,00","9,60","11,90","11,50","12,70","9,90","15,90","9,70","11,30","9,90","11,70","11,30","10,00","12,80","9,40","12,00","12,00"
Коефіціент смертності,смертність,Сайт,Державна служба статистики України,2012,http://www.ukrstat.gov.ua/operativ/operativ2012/ds/pp/pp_u/pp12_u.html,31.12.2012,-,"13,70","15,40","13,20","15,50","16,10","16,30","11,80","14,80","12,20","15,80","16,50","16,00","12,50","14,70","14,10","16,40","12,40","16,60","13,80","14,60","14,70","15,50","16,20","12,50","18,60","9,80","13,70"
Коефіцієнт природнього приросту,природній приріст населення,Сайт,Державна служба статистики України,2012,http://www.ukrstat.gov.ua/operativ/operativ2012/ds/pp/pp_u/pp12_u.html,31.12.2012,-,"-1,10","-4,20","1,60","-4,30","-6,30","-4,10","3,30","-4,20","0,20","-3,60","-5,50","-6,40","-0,60","-3,20","-1,40","-6,50","3,50","-6,90","-2,50","-4,70","-3,00","-4,20","-6,20","0,30","-9,20","2,20","-1,70"
Коефіцієнт смертності дітей до 1 року,смертності дітей до 1 року,Сайт,Державна служба статистики України,2012,http://www.ukrstat.gov.ua/operativ/operativ2012/ds/pp/pp_u/pp12_u.html,31.12.2012,-,"8,9","9,1",7,10,"12,7",8,"8,9","8,3","6,5","5,7","9,5","7,6","7,9","7,2","8,9","5,9","8,1",7,8,"7,6",8,9,"9,6",8,"9,1","7,9","5,2"
Валовий регіональний продукт,ВРП,Сайт,Державна служба статистики України,2011,http://www.ukrstat.gov.ua/operativ/operativ2008/vvp/vrp/vrp2008_u.htm,31.12.2011,грн  на 1 особу,19467,17768,16993,42068,36446,17184,14455,27567,19386,34420,19918,25067,20490,23402,25748,35246,16735,19800,15055,27966,16990,17260,21082,13228,19357,79729,24564
Кількість активних підприємств,активних підприємств,Сайт,Державна служба статистики України,2012,http://www.ukrstat.gov.ua/operativ/operativ2013/kap/kap_u/kap_u12.htm,15.11.2012,на 100 000 осіб наявного населення,"1 303,02","1 099,94","1 181,06","1 302,47","1 056,15","1 137,05","1 035,08","1 344,00","1 156,82","1 723,07","1 291,50","897,05","1 288,54","1 535,92","1 564,13","1 280,96","1 030,51","1 037,44","1 119,09","1 349,69","1 306,99","1 167,20","1 211,76","1 052,14","1 172,76","3 268,93","1 930,62"
"Кількість активних сільских, рибних та лісових господарств на 100 000 населення","активних с/х, рибних і лісових господарств",Сайт,Державна служба статистики України,2012,http://www.ukrstat.gov.ua/operativ/operativ2013/kap/kap_u/kap_u12.htm,15.11.2012,на 100 000 осіб наявного населення,"83,66","141,92","95,00","114,79","47,72","88,50","91,84","154,16","63,61","126,82","298,33","65,10","49,67","309,67","203,99","152,47","64,57","92,55","103,87","67,99","231,13","107,84","140,59","82,12","109,85","19,30","22,95"
Кількість активних промислових підприємств,активних промислових підприємств,Сайт,Державна служба статистики України,2012,http://www.ukrstat.gov.ua/operativ/operativ2013/kap/kap_u/kap_u12.htm,15.11.2012,на 100 000 осіб наявного населення,"79,74","80,89","68,37","100,46","87,24","110,65","73,18","109,46","103,27","162,30","82,50","79,46","108,87","96,29","100,20","88,02","72,69","72,87","81,87","140,54","84,21","84,93","87,71","66,80","83,32","248,65","141,11"
Обсяги експорту послуг,експорт послуг,Сайт,Державна служба статистики України,2012,http://www.ukrstat.gov.ua/operativ/operativ2012/zd/oep/oep_u/oep04_12.html,31.12.2012,дол. США на 1 особу,"190,79","28,06","35,81","117,36","156,67","23,51","51,16","154,66","42,28","247,39","14,51","78,98","86,03","197,46","508,31","28,17","63,19","54,55","12,87","117,19","34,16","30,79","19,75","10,44","7,13","1 264,34","282,27"
Обсяги імпорту послуг,імпорт послуг,Сайт,Державна служба статистики України,2012,http://www.ukrstat.gov.ua/operativ/operativ2012/zd/oep/oep_u/oep04_12.html,31.12.2012,дол. США на 1 особу,"46,33","14,27","45,71","130,27","142,34","7,36","29,82","46,95","37,06","209,25","14,43","31,44","34,65","72,44","106,10","108,98","20,42","65,31","11,94","72,79","5,33","8,46","9,62","2,84","24,73","906,47","15,15"
Сальдо експорту-імпорту послуг,сальдо експорту-імпорту послуг,Сайт,Державна служба статистики України,2012,http://www.ukrstat.gov.ua/operativ/operativ2012/zd/oep/oep_u/oep04_12.html,31.12.2012,дол. США на 1 особу,"144,46","13,78","-9,90","-12,91","14,33","16,15","21,34","107,71","5,22","38,13","0,08","47,54","51,38","125,02","402,21","-80,82","42,76","-10,76","0,92","44,40","28,83","22,33","10,13","7,60","-17,60","357,87","267,12"
Обсяги експорту товарів,експорт товарів,Сайт,Державна служба статистики України,2012,http://www.ukrstat.gov.ua/operativ/operativ2012/zd/oet/oet_u/oet1212_u.htm,31.12.2012,дол. США на 1 особу,"452,29","400,98","582,48","3 062,37","3 228,77","433,48","1 104,18","2 243,33","594,54","1 151,48","633,65","1 858,06","528,81","2 020,22","745,09","2 319,39","435,25","981,53","219,83","736,81","304,65","350,40","794,11","137,70","503,21","4 488,69","415,78"
Обсяги імпорту товарів,імпорт товарів,Сайт,Державна служба статистики України,2012,http://www.ukrstat.gov.ua/operativ/operativ2012/zd/oet/oet_u/oet1212_u.htm,31.12.2012,дол. США на 1 особу,"730,42","306,31","976,09","1 976,62","952,71","302,84","1 601,63","1 127,85","711,93","2 783,36","286,25","881,71","1 327,77","763,23","1 797,17","901,17","396,45","593,79","312,68","998,77","191,65","429,89","454,65","192,78","505,47","9 179,61","379,09"
Сальдо експорту-імпорту товарів,сальдо експорту-імпорту товарів,Сайт,Державна служба статистики України,2012,http://www.ukrstat.gov.ua/operativ/operativ2012/zd/oet/oet_u/oet1212_u.htm,31.12.2012,дол. США на 1 особу,"-278,13","94,68","-393,61","1 085,75","2 276,07","130,64","-497,45","1 115,49","-117,39","-1 631,88","347,40","976,34","-798,97","1 256,98","-1 052,08","1 418,22","38,80","387,74","-92,85","-261,96","113,00","-79,49","339,46","-55,08","-2,26","-4 690,92","36,69"
Сальдо експорту-імпорту товарів та послуг,сальдо експорту-імпорту товарів та послуг,Сайт,Державна служба статистики України,2012,http://www.ukrstat.gov.ua/operativ/operativ2012/zd/oet/oet_u/oet1212_u.htm,31.12.2012,дол. США на 1 особу,"-133,67","108,46","-403,51","1 072,84","2 290,40","146,79","-476,11","1 223,19","-112,17","-1 593,75","347,47","1 023,88","-747,59","1 382,00","-649,87","1 337,41","81,56","376,98","-91,92","-217,56","141,83","-57,16","349,59","-47,48","-19,86","-4 333,05","303,81"
"Частка населення, що визнали українську рідною мовою",населення з українською рідною,Сайт,Державна служба статистики України. Перепис населення 2001,2001,"http://database.ukrcensus.gov.ua/MULT/Dialog/varval.asp?ma=19A050501_02&ti=19A050501_02.%20%D0%EE%E7%EF%EE%E4%B3%EB%20%ED%E0%F1%E5%EB%E5%ED%ED%FF%20%F0%E5%E3%B3%EE%ED%B3%E2%20%D3%EA%F0%E0%BF%ED%E8%20%E7%E0%20%F0%B3%E4%ED%EE%FE%20%EC%EE%E2%EE%FE%20(0,1)&path=../Database/Census/05/01/&lang=1&multilang=uk",05.12.2001,-,"0,1002","0,9481","0,9726","0,67","0,241","0,9302","0,81","0,502","0,9781","0,9227","0,8889","0,3001","0,9532","0,692","0,4628","0,8998","0,97","0,8329","0,9834","0,538","0,7319","0,9524","0,9249","0,7557","0,8905","0,7215","0,0676"
"Частка населення, що визнали російську рідною мовою",населення з російською рідною,Сайт,Державна служба статистики України. Перепис населення 2001,2001,"http://database.ukrcensus.gov.ua/MULT/Dialog/varval.asp?ma=19A050501_02&ti=19A050501_02.%20%D0%EE%E7%EF%EE%E4%B3%EB%20%ED%E0%F1%E5%EB%E5%ED%ED%FF%20%F0%E5%E3%B3%EE%ED%B3%E2%20%D3%EA%F0%E0%BF%ED%E8%20%E7%E0%20%F0%B3%E4%ED%EE%FE%20%EC%EE%E2%EE%FE%20(0,1)&path=../Database/Census/05/01/&lang=1&multilang=uk",05.12.2001,-,"0,7655","0,0474","0,0251","0,3191","0,7492","0,0657","0,029","0,4819","0,0178","0,0717","0,1002","0,6884","0,0377","0,2926","0,4195","0,0947","0,0273","0,155","0,0119","0,4429","0,2486","0,0409","0,0666","0,0527","0,1026","0,2527","0,9056"
Частка українців,українців,Сайт,Державна служба статистики України. Перепис населення 2001,2001,http://2001.ukrcensus.gov.ua/results/general/nationality/#regions,05.12.2001,-,"0,243","0,949","0,969","0,793","0,569","0,903","0,805","0,708","0,975","0,925","0,901","0,58","0,948","0,819","0,628","0,914","0,959","0,888","0,978","0,707","0,82","0,939","0,931","0,75","0,935","0,822","0,224"
Частка росіян,росіян,Сайт,Державна служба статистики України. Перепис населення 2001,2001,http://2001.ukrcensus.gov.ua/results/general/nationality/#regions,05.12.2001,-,"0,583","0,038","0,024","0,008","0,382","0,05","0,025","0,247","0,018","0,06","0,075","0,39","0,036","0,141","0,207","0,072","0,026","0,094","0,012","0,256","0,141","0,036","0,054","0,125","0,05","0,131","0,716"
Частка міського населення,містян,Сайт,Державна служба статистики України. Перепис населення 2001,2001,http://2001.ukrcensus.gov.ua/results/general/nationality/#regions,05.12.2001,-,"0,63","0,46","0,5","0,83","0,9","0,56","0,37","0,76","0,42","0,58","0,6","0,86","0,59","0,66","0,66","0,59","0,47","0,65","0,43","0,79","0,6","0,51","0,54","0,4","0,58",1,"0,94"
"Кількість смертей, викликаних вживанням алкоголю",смертей від алкоголю,Сайт,Державна служба статистики України. Інститут демографії та соціальних досліджень,2012,http://database.ukrcensus.gov.ua/MULT/Dialog/statfile_c.asp,31.12.2012,на 100 000 осіб наявного населення,"30,63","17,03","25,48","36,82","25,48","50,99","54,37","60,11","10,78","6,91","52,45","46,13","17,16","53,60","36,78","30,18","16,16","57,03","12,25","24,96","26,90","50,53","24,51","15,65","54,37","1,97","17,48"
Самогубств,самогубств,Сайт,Державна служба статистики України. Інститут демографії та соціальних досліджень,2012,http://database.ukrcensus.gov.ua/MULT/Dialog/statfile_c.asp,31.12.2012,на 100 000 осіб наявного населення,"22,44","23,29","18,94","22,95","24,93","24,27","12,20","26,55","13,32","21,08","30,75","25,79","7,60","26,25","22,17","26,77","14,61","29,22","10,30","11,19","28,94","18,42","27,27","9,81","27,28","3,97","21,13"
"Кількість смертей, викликаних ВІЛ",смертей від ВІЛ,Сайт,Державна служба статистики України. Інститут демографії та соціальних досліджень,2012,http://database.ukrcensus.gov.ua/MULT/Dialog/statfile_c.asp,31.12.2012,на 100 000 осіб наявного населення,"15,57","3,13","5,00","36,31","26,83","8,83","1,59","8,23","1,88","9,23","10,85","5,63","4,53","24,03","29,43","9,54","2,16","2,71","1,21","4,30","13,54","6,39","9,38","2,20","9,09","8,96","13,56"
"Кількість смертей, викликаних туберкульозом",смертей від туберкульозу,Сайт,Державна служба статистики України. Інститут демографії та соціальних досліджень,2012,http://database.ukrcensus.gov.ua/MULT/Dialog/statfile_c.asp,31.12.2012,на 100 000 осіб наявного населення,"11,30","3,38","11,63","12,09","14,40","6,07","10,92","10,14","7,45","10,39","10,55","10,37","11,34","11,84","6,64","10,36","7,78","9,18","5,11","12,53","7,61","7,69","5,52","3,53","7,05","6,12","9,39"
"Кількість смертей, викликаних ДТП",смертей від ДТП,Сайт,Державна служба статистики України. Інститут демографії та соціальних досліджень,2012,http://database.ukrcensus.gov.ua/MULT/Dialog/statfile_c.asp,31.12.2012,на 100 000 осіб наявного населення,"14,30","13,71","13,08","12,79","12,18","18,76","11,08","14,45","10,28","20,61","14,77","12,01","10,90","10,31","14,40","15,40","15,73","11,55","11,51","11,81","12,61","11,49","14,58","11,57","14,75","8,61","12,26"
"Кількість смертей, викликаних убивством чи тілесними ушкодженнями",смертей від побоїв,Сайт,Державна служба статистики України. Інститут демографії та соціальних досліджень,2012,http://database.ukrcensus.gov.ua/MULT/Dialog/statfile_c.asp,31.12.2012,на 100 000 осіб наявного населення,"6,31","2,89","3,17","6,56","8,09","6,23","3,19","5,60","2,39","4,88","5,93","7,93","1,93","7,58","6,10","4,22","3,28","5,42","2,23","4,55","6,49","3,50","6,70","2,43","5,20","2,71","9,39"
"Кількість смертей, викликаних ішемічною хворобою серця",смертей від хвороб серця,Сайт,Державна служба статистики України. Інститут демографії та соціальних досліджень,2012,http://database.ukrcensus.gov.ua/MULT/Dialog/statfile_c.asp,31.12.2012,на 100 000 осіб наявного населення,"729,49","1 016,78","647,50","647,59","615,69","607,77","274,39","605,93","739,90","798,62","817,62","656,02","593,34","646,10","508,18","737,02","668,42","531,67","807,76","764,36","476,16","431,28","649,07","793,65","1 122,19","477,57","395,15"
Шлюбність,шлюбність,Сайт,Державна служба статистики України. Інститут демографії та соціальних досліджень,2012,http://database.ukrcensus.gov.ua/MULT/Dialog/statfile_c.asp,31.12.2012,на 1000 осіб наявного населення,"6,2","6,1","6,2","6,1","5,8","6,1","6,4","5,9",6,"6,8","5,3","5,6","6,3","6,1","6,3","5,9","6,2","5,1","6,1","5,9","5,5","6,2","5,7","6,6","5,1","7,5","8,2"
Розлучуваність,розлучуваність,Сайт,Державна служба статистики України. Інститут демографії та соціальних досліджень,2012,http://database.ukrcensus.gov.ua/MULT/Dialog/statfile_c.asp,31.12.2012,на 1000 осіб наявного населення,"1,2",1,"0,6","1,5","1,3","0,9","0,5","1,3","0,6","1,3",1,"1,2","0,7","1,3","1,2","1,2","0,6",1,"0,6","1,2","1,1",1,1,"0,9","0,9","1,5","1,8"
Щільність населення,щільність населення,Сайт,Державна служба статистики України. Інститут демографії та соціальних досліджень,2012,http://database.ukrcensus.gov.ua/MULT/Dialog/statfile_c.asp,31.12.2012,осіб на 1 кв. км,"75,3","61,7","51,6",104,166,"42,7","98,1","65,9","99,1","61,1","40,8","85,2","116,4","47,9","71,7","51,4","57,6","48,4","78,2","87,3","38,1",64,"61,1","111,8","34,1",3368,"441,4"
Індекс конкурентоспроможності регіонів. Загальний,загальна конкурентоспроможність,Звіт про конкурентоспроможність регіонів України 2012,"Фонд ""Ефективне Управління""",2012,http://competitiveukraine.org/reports,31.12.2012,бал,"3,94","3,97","3,99","4,16","4,14","3,87","3,95","4,07","3,93","4,12","3,84","3,93",4,"3,97","4,1","4,02","3,98","3,98","3,88","4,19","3,82","3,92","3,94","3,95","3,87","4,37","4,02"
Індекс конкурентоспроможності регіонів. Інституції,конкурентоспроможність інституцій,Звіт про конкурентоспроможність регіонів України 2012,"Фонд ""Ефективне Управління""",2012,http://competitiveukraine.org/reports,31.12.2012,бал,"3,61","3,89","4,04","3,7","3,79","3,78","3,97","3,75","3,75","3,82","3,94","3,7","3,55","3,7","3,44","3,88","3,97","3,95","3,87","3,53","3,69","3,92","3,71","4,03","3,83","3,32","3,64"
Індекс конкурентоспроможності регіонів. Інфраструктура.,конкурентоспроможність інфраструктури,Звіт про конкурентоспроможність регіонів України 2012,"Фонд ""Ефективне Управління""",2012,http://competitiveukraine.org/reports,31.12.2012,бал,"4,1","3,65","3,55","3,99","4,1","3,42","3,55","4,03","3,47","4,07","3,41","3,71","3,62","3,97","4,43","3,75","3,57","3,63","3,22","4,34","3,59","3,35","3,67","3,6","3,76","5,03","4,33"
Індекс конкурентоспроможності регіонів. Охорона здоров’я та початкова освіта,конкурентоспроможність закладів здоров'я та початкової освіти,Звіт про конкурентоспроможність регіонів України 2012,"Фонд ""Ефективне Управління""",2012,http://competitiveukraine.org/reports,31.12.2012,бал,"5,71","5,74","5,86","5,63","5,65","5,62","5,94","5,72","5,88","5,97","5,54","5,72","5,91","5,61","5,8","5,74","5,8","5,62","5,9","5,78","5,64","5,83","5,74",6,"5,63","5,79","5,87"
Індекс конкурентоспроможності регіонів. Вища освіта та професійна підготовка,конкурентоспроможність вищої та професійної освіти,Звіт про конкурентоспроможність регіонів України 2012,"Фонд ""Ефективне Управління""",2012,http://competitiveukraine.org/reports,31.12.2012,бал,"4,14","4,26","4,33","4,73","4,49","4,31","4,13","4,79","4,35","4,38","4,1","4,49","4,64","4,41","4,76","4,52","4,62","4,59","4,52","5,1","4,2","4,34","4,45","4,42","4,15","5,08","4,82"
Індекс конкурентоспроможності регіонів. Ефективність ринку товарів,конкурентоспроможність ринку товарів,Звіт про конкурентоспроможність регіонів України 2012,"Фонд ""Ефективне Управління""",2012,http://competitiveukraine.org/reports,31.12.2012,бал,"3,86","4,03","4,07","4,03","3,96","3,88","4,06","3,98","3,91","4,12","3,89","3,95","3,89","3,93","3,96","3,92",4,"3,91","3,86","3,94","3,79","3,96","3,83","4,03","3,82","3,97","3,88"
Індекс конкурентоспроможності регіонів.Ефективність ринку праці,конкурентоспроможність ринку праці,Звіт про конкурентоспроможність регіонів України 2012,"Фонд ""Ефективне Управління""",2012,http://competitiveukraine.org/reports,31.12.2012,бал,"4,64","4,85","4,82","4,85","4,77","4,83","4,7","4,82","4,78","4,8","4,79","4,7","4,68","4,75","4,68","4,76","4,89","4,75","4,79","4,78","4,56","4,86","4,83","4,86","4,93","4,82","4,67"
Індекс конкурентоспроможності регіонів. Рівень розвитку фінансового ринку,конкурентоспроможність фінансового ринку,Звіт про конкурентоспроможність регіонів України 2012,"Фонд ""Ефективне Управління""",2012,http://competitiveukraine.org/reports,31.12.2012,бал,"3,85","3,99","4,17","4,08","4,14","3,94","3,97","4,09",4,"4,06","3,84","3,96","4,02","3,88","3,92","4,09","4,09",4,"4,01","4,04","3,79","4,01","3,98","4,04","3,96","3,96","4,02"
Індекс конкурентоспроможності регіонів. Технологічна готовність,технологічна конкурентоспроможність,Звіт про конкурентоспроможність регіонів України 2012,"Фонд ""Ефективне Управління""",2012,http://competitiveukraine.org/reports,31.12.2012,бал,"2,96","3,05","3,04","3,34","3,34","2,96","2,99",3,"2,91","3,23","2,84","2,88","3,13","3,14","3,42","3,02","2,88","3,05","2,83","3,43","2,95","2,89","3,11","2,92","2,82","4,29","3,28"
Індекс конкурентоспроможності регіонів. Розмір ринку,конкурентоспроможність розміру ринку,Звіт про конкурентоспроможність регіонів України 2012,"Фонд ""Ефективне Управління""",2012,http://competitiveukraine.org/reports,31.12.2012,бал,"2,24","1,94","1,83","3,06","2,75","1,8","2,01","2,32","2,01","2,67","1,67","1,82","2,53","1,99","2,63","2,29","1,72","1,9","1,57","2,69","1,64","1,82","1,92","1,31","1,79","3,69","1,17"
Індекс конкурентоспроможності регіонів. Рівень розвитку бізнесу,конкурентоспроможність розвитку бізнесу,Звіт про конкурентоспроможність регіонів України 2012,"Фонд ""Ефективне Управління""",2012,http://competitiveukraine.org/reports,31.12.2012,бал,"3,93","3,9","3,87","4,14","4,18","3,74","3,71","4,06","3,82","3,89","3,92","3,97","3,75","3,82","3,86","3,92","3,93","4,01","3,76","4,06","3,73","3,83","3,85","3,8","3,65","3,91","3,91"
Індекс конкурентоспроможності регіонів. Інновації.,конкурентоспроможність інновацій,Звіт про конкурентоспроможність регіонів України 2012,"Фонд ""Ефективне Управління""",2012,http://competitiveukraine.org/reports,31.12.2012,бал,"2,77","2,99","2,9","3,3","3,34","2,73","2,81","3,04","2,99","2,92","2,94","3,06","2,96","3,15","2,87","2,97","3,02","3,14","2,88","3,44","2,86","2,78","2,8","2,98","2,58","3,14","3,36"
Захворюваність на туберкульоз,поширеність туберкульозу,Звіт про конкурентоспроможність регіонів України 2012,"Фонд ""Ефективне Управління""",2012,http://competitiveukraine.org/reports,31.12.2012,випадків на 100 тис. населення,"76,3","54,8","51,9","95,4","73,1","71,9","57,1","65,8","65,7","56,3","79,2","79,9","64,5","89,3","87,8","55,2","62,5","57,2","54,1","54,5","98,5","52,4","57,2","48,8","66,3","38,9","62,3"
Поширеність ВІЛ,поширеність ВІЛ,Звіт про конкурентоспроможність регіонів України 2012,"Фонд ""Ефективне Управління""",2012,http://competitiveukraine.org/reports,31.12.2012,% від дорослого населення,"0,62","0,2","0,24","1,06","1,08","0,29","0,03","0,31","0,07","0,39","0,26","0,3","0,13","0,99","0,94","0,28","0,18","0,13","0,11","0,15","0,5","0,27","0,34","0,11","0,42","0,51","0,78"
Якість системи вищої освіти,якість вищої освіти,Звіт про конкурентоспроможність регіонів України 2012,"Фонд ""Ефективне Управління""",2012,http://competitiveukraine.org/reports,31.12.2012,бал,"3,62","3,81","4,14","4,13","4,05","4,02",4,"4,1","4,04","4,3","3,54","3,67","4,02","3,94","3,9","3,86","4,46","4,31","4,03","4,38","3,52","3,73","4,15","4,29","3,67","4,07","4,19"
Інтернет-користувачі,користувачів інтернету,Звіт про конкурентоспроможність регіонів України 2012,"Фонд ""Ефективне Управління""",2012,http://competitiveukraine.org/reports,31.12.2012,на 100 осіб,"28,4","15,78","14,41","33,51","25,24","15,99","11,98","29,52","15,77","31,65","17,57","14,3","28,88","22,46","39,86","26,6","12,38","18,81","14,45","39,09","21,92","18,5","18,04","15,03","13,06","82,37","28,4"
Кількість абонентів мобільного зв’язку,мобільних абонентів,Звіт про конкурентоспроможність регіонів України 2012,"Фонд ""Ефективне Управління""",2012,http://competitiveukraine.org/reports,31.12.2012,на 100 осіб,"130,3","95,1","107,1","98,5","123,4","105,1","112,7","96,6","96,7","115,9","87,3","119,7",101,"122,9","117,9","111,9",91,"103,8","79,9","133,9","129,5","79,9",115,"118,4","136,4","283,3","135,7"
Патенти на винаходи,патентів,Звіт про конкурентоспроможність регіонів України 2012,"Фонд ""Ефективне Управління""",2012,http://competitiveukraine.org/reports,31.12.2012,на 1 млн. населення,"1,01","1,06","1,04","1,18","1,09","1,05","1,19","1,02","1,04","1,07","1,02","1,07","1,11","1,08","1,08","1,02","1,02","1,04","1,03","1,27","1,12",1,"1,01","1,03","1,03","1,71","1,5"
Вибори до верховної Ради-2012. Партія Регіонів,голосів виборців за Партію регіонів,Результати виборів до Верховної Ради України 2012. ,ЦВК,2012,http://www.cvk.gov.ua/pls/vnd2012/wp320?PT001F01=900,28.10.2012,,"0,5234","0,1738","0,1292","0,3579","0,6509","0,2161","0,3087","0,4095","0,0518","0,21","0,2625","0,5706","0,047","0,4051","0,419","0,2191","0,058","0,2109","0,064","0,4098","0,2934","0,1869","0,1865","0,2077","0,2009","0,126","0,469"
Вибори до верховної Ради-2012. Батьківщина,голосів виборців за Батьківщину,Результати виборів до Верховної Ради України 2012.,ЦВК,2012,http://www.cvk.gov.ua/pls/vnd2012/WP320?PT001F01=900&pPlace=2,28.10.2012,,"0,1309","0,4501","0,0946","0,1838","0,0526","0,3615","0,2769","0,1493","0,3821","0,3663","0,3217","0,0549","0,3548","0,1693","0,1549","0,3014","0,3659","0,3627","0,3904","0,1521","0,218","0,3771","0,3778","0,396","0,3073","0,3099","0,0586"
Вибори до верховної Ради-2012. УДАР,голосів виборців за УДАР,Результати виборів до Верховної Ради України 2012.,ЦВК,2012,http://www.cvk.gov.ua/pls/vnd2012/WP320?PT001F01=900&pPlace=3,28.10.2012,,"0,0717","0,1338","0,1596","0,1461","0,0471","0,1419","0,2003","0,124","0,1525","0,1873","0,1487","0,0474","0,1444","0,1251","0,1377","0,1847","0,1725","0,1671","0,1468","0,1282","0,1363","0,1633","0,1723","0,1913","0,1291","0,2545","0,0504"
Вибори до верховної Ради-2012. КПУ,голосів виборців за КПУ,Результати виборів до Верховної Ради України 2012.,ЦВК,2012,http://www.cvk.gov.ua/pls/vnd2012/WP320?PT001F01=900&pPlace=4,28.10.2012,,"0,1941","0,0886","0,0697","0,1938","0,1885","0,1282","0,0503","0,2116","0,0178","0,0611","0,1346","0,2514","0,0199","0,1909","0,1816","0,0349","0,0621","0,1224","0,0192","0,2084","0,2334","0,0881","0,0929","0,0546","0,132","0,0723","0,2946"
Вибори до верховної Ради-2012. Свобода,голосів виборців за Свободу,Результати виборів до Верховної Ради України 2012.,ЦВК,2012,http://www.cvk.gov.ua/pls/vnd2012/WP320?PT001F01=900&pPlace=5,28.10.2012,,"0,0104","0,084","0,1798","0,0519","0,012","0,0747","0,0835","0,0385","0,3379","0,1084","0,0622","0,0129","0,3802","0,043","0,033","0,0794","0,1663","0,0637","0,3122","0,0383","0,0471","0,1179","0,0948","0,0871","0,0598","0,1733","0,0137"
Вибори Президента-2010. Другий тур. Янукович,голосів виборців за Януковича,Результати виборів до Верховної Ради України 2012.,ЦВК,2010,http://www.cvk.gov.ua/pls/vp2010/WP0011,07.02.2010,,"0,7824","0,2426","0,1401","0,627","0,9044","0,367","0,4155","0,715","0,0702","0,2361","0,3961","0,8896","0,086","0,7153","0,7414","0,3899","0,1891","0,304","0,0792","0,7135","0,5998","0,2494","0,2884","0,2764","0,3095","0,2572","0,8435"
Вибори Президента-2010. Другий тур. Тимошенко,голосів виборців за Тимошенко,Результати виборів до Верховної Ради України 2012.,ЦВК,2010,http://www.cvk.gov.ua/pls/vp2010/WP0011,07.02.2010,,"0,1731","0,711","0,8185","0,2913","0,0645","0,575","0,5166","0,2222","0,8889","0,6971","0,5466","0,0772","0,862","0,2295","0,1952","0,542","0,7624","0,6289","0,8839","0,2243","0,3373","0,6974","0,6537","0,6647","0,6363","0,6534","0,1038"
Злочини всього,злочинів,Стан та структура злочинності в Україні,МВС,2012,http://mvs.gov.ua/mvs/control/main/uk/publish/article/813157;jsessionid=49A8563AD0914EC2946123B35528D572,01.12.2012,злочинів на 100 000 наявного населення,"1 686,29","601,91","608,27","1 238,50","1 109,70","793,52","456,15","1 414,35","361,05","883,63","1 065,41","1 161,89","625,50","878,57","1 021,79","863,06","488,46","781,14","396,64","1 119,04","1 062,14","663,01","755,38","536,49","762,76","1 194,48","1 685,97"
Тяжкі та особливо тяжкі злочини,тяжких злочинів,Стан та структура злочинності в Україні,МВС,2012,http://mvs.gov.ua/mvs/control/main/uk/publish/article/813157;jsessionid=49A8563AD0914EC2946123B35528D572,01.12.2012,злочинів на 100 000 наявного населення,"623,09","204,24","237,21","450,72","368,72","307,04","176,98","523,86","124,76","402,07","415,59","429,74","197,82","318,45","417,25","293,23","157,58","312,98","143,51","354,61","336,12","237,82","285,52","178,35","271,39","322,60","652,58"
Вбивства,вбивств,Стан та структура злочинності в Україні,МВС,2012,http://mvs.gov.ua/mvs/control/main/uk/publish/article/813157;jsessionid=49A8563AD0914EC2946123B35528D572,01.12.2012,злочинів на 100 000 наявного населення,"8,24","4,36","2,60","6,92","8,66","6,23","3,11","7,39","2,32","8,88","8,14","8,38","3,90","7,84","6,64","5,59","3,37","4,81","2,32","9,11","7,14","3,65","7,17","2,65","5,10","3,87","9,13"
Крадіжки та грабежі,крадіжок та грабежів,Стан та структура злочинності в Україні,МВС,2012,http://mvs.gov.ua/mvs/control/main/uk/publish/article/813157;jsessionid=49A8563AD0914EC2946123B35528D572,01.12.2012,злочинів на 100 000 наявного населення,"1 155,71","307,99","321,44","779,34","651,05","447,87","222,74","868,64","145,97","504,73","743,57","530,96","333,85","481,30","666,12","490,73","283,60","452,41","141,74","715,42","587,92","423,90","351,72","210,32","399,05","783,48","1 160,15"
"Злочини, пов'язані з наркотиками",злочинів з наркотиками,Стан та структура злочинності в Україні,МВС,2012,http://mvs.gov.ua/mvs/control/main/uk/publish/article/813157;jsessionid=49A8563AD0914EC2946123B35528D572,01.12.2012,злочинів на 100 000 наявного населення,"147,97","76,03","42,40","129,54","97,87","73,37","28,46","183,51","39,30","92,33","78,58","175,94","42,59","113,00","59,37","93,13","39,33","75,40","60,61","95,03","131,98","42,16","127,51","53,90","88,33","114,73","121,28"
Дорослі злочинці,повнолітніх злочинців,Стан та структура злочинності в Україні,МВС,2012,http://mvs.gov.ua/mvs/control/main/uk/publish/article/813157;jsessionid=49A8563AD0914EC2946123B35528D572,01.12.2012,осіб на 100 000 наявного населення,"470,23","378,98","292,69","466,59","464,07","377,73","243,06","543,52","238,24","345,28","406,35","591,71","241,39","452,75","367,99","404,01","282,82","377,97","240,69","417,07","525,69","270,47","373,00","307,32","392,37","324,57","394,11"
Неповнолітні злочинці,неповнолітніх злочинців,Стан та структура злочинності в Україні,МВС,2012,http://mvs.gov.ua/mvs/control/main/uk/publish/article/813157;jsessionid=49A8563AD0914EC2946123B35528D572,01.12.2012,осіб на 100 000 наявного населення,"25,95","17,15","25,38","19,62","24,66","35,70","20,89","30,08","13,39","21,89","35,17","27,39","14,56","32,38","28,89","25,89","21,35","29,83","13,46","23,58","31,26","24,12","14,82","23,70","20,69","13,74","9,13"
Злочини в стані сп'яніння,злочинів п'яними,Стан та структура злочинності в Україні,МВС,2012,http://mvs.gov.ua/mvs/control/main/uk/publish/article/813157;jsessionid=49A8563AD0914EC2946123B35528D572,01.12.2012,злочинів на 100 000 наявного населення,"105,94","48,06","65,96","57,71","124,31","43,03","60,43","96,52","28,37","63,47","102,89","80,43","38,89","61,61","48,76","74,47","28,96","96,83","22,65","63,29","87,92","47,64","47,84","50,71","50,75","33,60","51,38"
"Злочини, вчинені раніше засудженими","злочинів, скоєних раніше судимими",Стан та структура злочинності в Україні,МВС,2012,http://mvs.gov.ua/mvs/control/main/uk/publish/article/813157;jsessionid=49A8563AD0914EC2946123B35528D572,01.12.2012,злочинів на 100 000 наявного населення,"246,85","192,50","109,13","290,74","256,16","173,85","93,83","337,67","98,93","91,52","226,49","348,73","98,67","231,87","117,57","237,57","99,66","179,15","74,72","207,26","292,34","100,23","178,90","119,16","195,12","144,50","160,67"
Кількість релігійних закладів всіх зареєстрованих конфесій,церков,Звіт про мережу церков і релігійних організацій в Україні станом на 1 січня 2012 року,Міністерство культури України,2011,http://mincult.kmu.gov.ua/mincult/uk/publish/article/278214;jsessionid=2DD959852B414DDCE13D4B14392F7F99,01.01.2012,шт на 100 000 наявного населення,"70,48","111,12","146,92","38,06","39,08","111,44","137,91","54,90","99,80","100,11","64,61","35,72","118,55","61,35","53,90","72,69","129,66","69,98","163,46","27,55","83,94","141,10","99,77","127,76","84,06","38,49","33,39"
Кількість священослужителів всіх зареєстрованих конфесій,священників,Звіт про мережу церков і релігійних організацій в Україні станом на 1 січня 2012 року,Міністерство культури України,2011,http://mincult.kmu.gov.ua/mincult/uk/publish/article/278214;jsessionid=2DD959852B414DDCE13D4B14392F7F99,01.01.2012,осіб на 100 000 наявного населення,"61,01","81,19","144,90","37,55","37,99","67,54","144,93","55,51","84,89","88,21","61,19","49,59","103,63","45,16","47,14","56,14","120,24","56,33","125,59","34,54","52,59","84,86","55,80","205,03","68,10","46,01","30,78"
Кількість релігійних закладів УПЦ МП,церков УПЦ МП,Звіт про мережу церков і релігійних організацій в Україні станом на 1 січня 2012 року,Міністерство культури України,2011,http://mincult.kmu.gov.ua/mincult/uk/publish/article/278214;jsessionid=2DD959852B414DDCE13D4B14392F7F99,01.01.2012,шт на 100 000 наявного населення,"26,92","56,67","62,79","17,93","16,39","50,44","50,86","20,22","2,68","40,94","24,92","18,26","2,72","24,20","23,92","31,48","55,23","37,35","11,79","11,84","33,11","71,69","43,19","47,51","52,05","9,74","15,39"
Кількість священослужителів УПЦ МП,священників УПЦ МП,Звіт про мережу церков і релігійних організацій в Україні станом на 1 січня 2012 року,Міністерство культури України,2011,http://mincult.kmu.gov.ua/mincult/uk/publish/article/278214;jsessionid=2DD959852B414DDCE13D4B14392F7F99,01.01.2012,осіб на 100 000 наявного населення,"12,82","41,86","53,27","15,69","13,07","26,56","52,85","12,32","2,68","36,53","19,69","23,49","2,52","13,72","24,76","22,07","53,51","27,47","13,27","11,37","20,96","37,37","19,47","49,16","41,66","10,02","15,13"
Кількість релігійних закладів УПЦ КП,церков УПЦ КП,Звіт про мережу церков і релігійних організацій в Україні станом на 1 січня 2012 року,Міністерство культури України,2011,http://mincult.kmu.gov.ua/mincult/uk/publish/article/278214;jsessionid=2DD959852B414DDCE13D4B14392F7F99,01.01.2012,шт на 100 000 наявного населення,"2,19","14,20","34,23","3,84","1,87","16,47","2,87","6,44","21,71","21,54","7,74","1,37","18,30","11,76","5,14","11,85","28,52","12,95","26,46","0,69","7,61","17,50","14,58","18,74","11,60","4,92","0,52"
Кількість священослужителів УПЦ КП,священників УПЦ КП,Звіт про мережу церков і релігійних організацій в Україні станом на 1 січня 2012 року,Міністерство культури України,2011,http://mincult.kmu.gov.ua/mincult/uk/publish/article/278214;jsessionid=2DD959852B414DDCE13D4B14392F7F99,01.01.2012,осіб на 100 000 наявного населення,"0,61","7,07","28,94","2,42","0,82","9,61","3,35","2,18","15,78","17,01","4,32","0,80","12,91","4,69","3,01","4,56","24,81","10,15","23,86","0,36","4,64","8,07","6,62","14,77","5,85","4,89","0,26"
Кількість релігійних закладів УАПЦ,церков УАПЦ,Звіт про мережу церков і релігійних організацій в Україні станом на 1 січня 2012 року,Міністерство культури України,2011,http://mincult.kmu.gov.ua/mincult/uk/publish/article/278214;jsessionid=2DD959852B414DDCE13D4B14392F7F99,01.01.2012,шт на 100 000 наявного населення,"0,51","3,26","1,63","0,30","0,09","1,65","0,16","0,45","10,93","1,34","1,31","0,27","15,23","0,77","0,25","0,48","2,07","22,57","0,00","0,55","4,27","6,01","4,65","0,88","0,00","1,09","0,26"
Кількість священослужителів УАПЦ,священників УАПЦ,Звіт про мережу церков і релігійних організацій в Україні станом на 1 січня 2012 року,Міністерство культури України,2011,http://mincult.kmu.gov.ua/mincult/uk/publish/article/278214;jsessionid=2DD959852B414DDCE13D4B14392F7F99,01.01.2012,осіб на 100 000 наявного населення,"0,05","0,61","0,77","0,30","0,07","0,87","0,16","0,22","10,64","0,87","0,60","0,09","9,84","0,34","0,21","0,41","0,78","12,95","0,00","0,15","1,21","1,83","1,50","0,77","0,00","0,74","0,26"
Кількість православних релігійних закладів,православних церков,Звіт про мережу церков і релігійних організацій в Україні станом на 1 січня 2012 року,Міністерство культури України,2011,http://mincult.kmu.gov.ua/mincult/uk/publish/article/278214;jsessionid=2DD959852B414DDCE13D4B14392F7F99,01.01.2012,шт на 100 000 наявного населення,"30,28","75,11","98,85","22,46","18,79","69,35","54,21","28,23","35,32","64,11","34,87","20,12","36,33","36,98","31,02","44,97","86,09","73,04","38,24","13,37","44,98","95,89","62,81","68,45","63,93","16,10","16,69"
Кількість православних священників,православних священників,Звіт про мережу церков і релігійних організацій в Україні станом на 1 січня 2012 року,Міністерство культури України,2011,http://mincult.kmu.gov.ua/mincult/uk/publish/article/278214;jsessionid=2DD959852B414DDCE13D4B14392F7F99,01.01.2012,осіб на 100 000 наявного населення,"13,69","50,28","83,46","18,68","14,35","37,67","56,84","15,68","29,09","54,53","25,22","24,64","25,35","18,92","29,64","27,46","79,35","50,73","37,13","12,17","26,80","47,72","27,90","65,48","47,60","15,92","15,65"
Кількість релігійних закладів УГКЦ,церков УГКЦ,Звіт про мережу церков і релігійних організацій в Україні станом на 1 січня 2012 року,Міністерство культури України,2011,http://mincult.kmu.gov.ua/mincult/uk/publish/article/278214;jsessionid=2DD959852B414DDCE13D4B14392F7F99,01.01.2012,шт на 100 000 наявного населення,"0,46","1,11","2,12","0,21","0,78","1,10","34,92","0,73","50,44","1,16","0,50","0,18","62,27","0,94","0,96","0,75","0,78","0,35","75,00","0,29","2,50","4,72","0,39","2,76","0,19","0,70","0,78"
Кількість священослужителів УГКЦ,священників УГКЦ,Звіт про мережу церков і релігійних організацій в Україні станом на 1 січня 2012 року,Міністерство культури України,2011,http://mincult.kmu.gov.ua/mincult/uk/publish/article/278214;jsessionid=2DD959852B414DDCE13D4B14392F7F99,01.01.2012,осіб на 100 000 наявного населення,"0,25","0,55","1,54","0,21","0,57","0,32","23,28","0,22","43,49","0,93","0,50","0,13","38,69","0,43","0,46","0,41","0,69","0,17","43,16","0,22","0,83","2,05","0,24","1,65","0,28","0,49","0,26"
Кількість релігійних закладів РКЦ,церков РКЦ,Звіт про мережу церков і релігійних організацій в Україні станом на 1 січня 2012 року,Міністерство культури України,2011,http://mincult.kmu.gov.ua/mincult/uk/publish/article/278214;jsessionid=2DD959852B414DDCE13D4B14392F7F99,01.01.2012,шт на 100 000 наявного населення,"0,66","8,05","2,79","0,24","0,32","11,43","7,97","0,73","2,68","1,63","0,30","0,04","6,18","0,94","1,04","0,41","1,47","0,44","8,17","0,58","1,58","11,57","0,63","3,64","0,46","0,91","0,26"
Кількість священослужителів РКЦ,священників РКЦ,Звіт про мережу церков і релігійних організацій в Україні станом на 1 січня 2012 року,Міністерство культури України,2011,http://mincult.kmu.gov.ua/mincult/uk/publish/article/278214;jsessionid=2DD959852B414DDCE13D4B14392F7F99,01.01.2012,осіб на 100 000 наявного населення,"0,36","4,49","1,15","0,21","0,21","5,20","3,19","0,28","1,30","1,39","0,40","0,13","3,78","0,51","1,13","0,34","0,86","0,44","2,60","0,51","0,46","7,38","0,32","1,43","0,28","0,91","0,26"
Кількість католицьких релігійних закладів,католицьких церков,Звіт про мережу церков і релігійних організацій в Україні станом на 1 січня 2012 року,Міністерство культури України,2011,http://mincult.kmu.gov.ua/mincult/uk/publish/article/278214;jsessionid=2DD959852B414DDCE13D4B14392F7F99,01.01.2012,шт на 100 000 наявного населення,"1,12","9,16","4,90","0,45","1,10","12,53","42,89","1,46","53,12","2,79","0,80","0,22","68,45","1,87","2,00","1,16","2,25","0,79","83,17","0,87","4,08","16,29","1,02","6,39","0,65","1,62","1,04"
Кількість католицьких священників,католицьких священників,Звіт про мережу церков і релігійних організацій в Україні станом на 1 січня 2012 року,Міністерство культури України,2011,http://mincult.kmu.gov.ua/mincult/uk/publish/article/278214;jsessionid=2DD959852B414DDCE13D4B14392F7F99,01.01.2012,осіб на 100 000 наявного населення,"0,61","5,04","2,69","0,42","0,78","5,52","26,47","0,50","44,80","2,32","0,90","0,27","42,47","0,94","1,59","0,75","1,56","0,61","45,76","0,73","1,30","9,44","0,55","3,09","0,56","1,41","0,52"
"Кількість релігійних закладів УПЦ КП, УАПЦ, УГКЦ, РКЦ","церков УПЦ КП, УАПЦ, УГКЦ, РКЦ",Звіт про мережу церков і релігійних організацій в Україні станом на 1 січня 2012 року,Міністерство культури України,2011,http://mincult.kmu.gov.ua/mincult/uk/publish/article/278214;jsessionid=2DD959852B414DDCE13D4B14392F7F99,01.01.2012,шт на 100 000 наявного населення,"3,82","26,61","40,77","4,60","3,06","30,66","45,92","8,35","85,76","25,67","9,85","1,86","101,98","14,40","7,39","13,49","32,85","36,30","109,63","2,11","15,95","39,80","20,25","26,01","12,25","7,63","1,83"
"Кількість священослужителів  УПЦ КП, УАПЦ, УГКЦ, РКЦ","священників УПЦ КП, УАПЦ, УГКЦ, РКЦ",Звіт про мережу церков і релігійних організацій в Україні станом на 1 січня 2012 року,Міністерство культури України,2011,http://mincult.kmu.gov.ua/mincult/uk/publish/article/278214;jsessionid=2DD959852B414DDCE13D4B14392F7F99,01.01.2012,осіб на 100 000 наявного населення,"1,27","12,72","32,40","3,14","1,67","16,00","29,97","2,91","71,21","20,21","5,83","1,15","65,22","5,97","4,80","5,72","27,14","23,71","69,62","1,24","7,14","19,33","8,67","18,63","6,40","7,03","1,04"
Кількість релігійних закладів Союзу християн-баптистів,церков християн-баптистів,Звіт про мережу церков і релігійних організацій в Україні станом на 1 січня 2012 року,Міністерство культури України,2011,http://mincult.kmu.gov.ua/mincult/uk/publish/article/278214;jsessionid=2DD959852B414DDCE13D4B14392F7F99,01.01.2012,шт на 100 000 наявного населення,"3,36","9,53","12,31","2,93","3,15","8,91","5,90","7,28","2,03","9,29","8,84","3,72","3,15","5,37","6,39","5,52","10,29","7,26","1,49","3,64","8,07","12,63","14,58","18,41","6,87","2,36","1,83"
Кількість священослужителів Союзу християн-баптистів,священників християн-баптистів,Звіт про мережу церков і релігійних організацій в Україні станом на 1 січня 2012 року,Міністерство культури України,2011,http://mincult.kmu.gov.ua/mincult/uk/publish/article/278214;jsessionid=2DD959852B414DDCE13D4B14392F7F99,01.01.2012,осіб на 100 000 наявного населення,"8,55","4,30","15,00","4,56","2,97","7,49","3,99","13,28","1,30","9,06","9,45","6,25","4,61","5,37","4,30","11,51","10,11","6,30","1,49","2,51","5,10","9,44","7,96","41,01","6,12","2,99","1,83"
Кількість релігійних закладів П'ятидесятників,церков п'ятидесятників,Звіт про мережу церков і релігійних організацій в Україні станом на 1 січня 2012 року,Міністерство культури України,2011,http://mincult.kmu.gov.ua/mincult/uk/publish/article/278214;jsessionid=2DD959852B414DDCE13D4B14392F7F99,01.01.2012,шт на 100 000 наявного населення,"0,31","1,60","18,75","1,87","0,91","4,49","4,07","1,90","2,75","3,14","3,11","0,62","3,98","3,92","2,51","3,88","23,25","2,36","9,93","0,87","4,17","5,18","1,81","10,80","2,97","1,34","1,56"
Кількість священослужителів П'ятидесятників,священників п'ятидесятників,Звіт про мережу церков і релігійних організацій в Україні станом на 1 січня 2012 року,Міністерство культури України,2011,http://mincult.kmu.gov.ua/mincult/uk/publish/article/278214;jsessionid=2DD959852B414DDCE13D4B14392F7F99,01.01.2012,осіб на 100 000 наявного населення,"0,31","1,54","24,13","4,38","2,03","4,10","3,19","3,53","2,32","3,14","4,92","0,49","5,86","3,66","3,01","2,79","22,56","3,06","18,47","1,97","3,43","7,69","3,15","45,52","2,78","1,90","1,56"
Кількість протестанських релігійних закладів,протестанських церков,Звіт про мережу церков і релігійних організацій в Україні станом на 1 січня 2012 року,Міністерство культури України,2011,http://mincult.kmu.gov.ua/mincult/uk/publish/article/278214;jsessionid=2DD959852B414DDCE13D4B14392F7F99,01.01.2012,шт на 100 000 наявного населення,"15,88","22,93","41,92","13,36","15,20","27,11","36,99","21,12","11,07","31,07","26,63","12,98","12,20","20,71","18,58","23,16","40,11","17,14","17,45","11,33","26,06","25,72","31,92","50,15","18,28","14,34","11,22"
Кількість протестанських священників,протестанських священників,Звіт про мережу церков і релігійних організацій в Україні станом на 1 січня 2012 року,Міністерство культури України,2011,http://mincult.kmu.gov.ua/mincult/uk/publish/article/278214;jsessionid=2DD959852B414DDCE13D4B14392F7F99,01.01.2012,осіб на 100 000 наявного населення,"23,00","20,90","57,21","16,63","18,72","22,38","55,72","36,35","10,78","30,08","33,96","22,96","34,16","23,60","14,45","26,16","38,03","16,62","27,94","20,15","19,38","24,28","25,22","129,63","19,58","22,25","10,43"
"Відсоток учнів, що здали ЗНО з англійської мови на 100-135,5 балів","учнів, що задовільно здали ЗНО з англійської",Результати зовнішнього незалежного оцінювання – 2012. Регіональні дані,Український центр оцінювання якості освіти,2012,http://testportal.gov.ua/reports/,15.08.2012,,"0,255","0,208","0,191","0,22","0,195","0,215","0,335","0,224","0,195","0,26","0,205","0,205","0,18","0,271","0,272","0,207","0,217","0,206","0,148","0,207","0,278","0,234","0,169","0,267","0,193","0,142","0,21"
"Частка учнів, що здали ЗНО з англійської мови на 136-183 балів","учнів, що добре здали ЗНО з англійської",Результати зовнішнього незалежного оцінювання – 2012. Регіональні дані,Український центр оцінювання якості освіти,2012,http://testportal.gov.ua/reports/,15.08.2012,,"0,693","0,73","0,753","0,717","0,741","0,729","0,619","0,701","0,748","0,696","0,742","0,728","0,74","0,662","0,66","0,737","0,729","0,749","0,78","0,729","0,677","0,715","0,763","0,673","0,746","0,732","0,691"
"Частка учнів, що здали ЗНО з англійської мови на 183,5-200 балів","учнів, що відмінно здали ЗНО з англійської",Результати зовнішнього незалежного оцінювання – 2012. Регіональні дані,Український центр оцінювання якості освіти,2012,http://testportal.gov.ua/reports/,15.08.2012,,"0,052","0,061","0,056","0,063","0,064","0,056","0,046","0,075","0,058","0,043","0,053","0,067","0,08","0,067","0,068","0,056","0,054","0,045","0,072","0,064","0,045","0,052","0,068","0,06","0,061","0,126","0,099"
"Відсоток учнів, що здали ЗНО з математики на 100-135,5 балів","учнів, що задовільно здали ЗНО з математики",Результати зовнішнього незалежного оцінювання – 2012. Регіональні дані,Український центр оцінювання якості освіти,2012,http://testportal.gov.ua/reports/,15.08.2012,,"0,209","0,23","0,184","0,206","0,182","0,252","0,292","0,202","0,2","0,213","0,241","0,2","0,176","0,208","0,217","0,222","0,23","0,196","0,192","0,199","0,222","0,234","0,179","0,253","0,17","0,098","0,116"
"Частка учнів, що здали ЗНО з математики на 136-183 балів","учнів, що добре здали ЗНО з математики",Результати зовнішнього незалежного оцінювання – 2012. Регіональні дані,Український центр оцінювання якості освіти,2012,http://testportal.gov.ua/reports/,15.08.2012,,"0,736","0,72","0,751","0,716","0,744","0,694","0,658","0,729","0,707","0,719","0,71","0,749","0,721","0,725","0,723","0,723","0,715","0,727","0,751","0,732","0,711","0,715","0,743","0,703","0,738","0,711","0,76"
"Частка учнів, що здали ЗНО з математики на 183,5-200 балів","учнів, що відмінно здали ЗНО з математики",Результати зовнішнього незалежного оцінювання – 2012. Регіональні дані,Український центр оцінювання якості освіти,2012,http://testportal.gov.ua/reports/,15.08.2012,,"0,055","0,051","0,065","0,078","0,074","0,054","0,049","0,07","0,093","0,068","0,048","0,051","0,104","0,067","0,06","0,055","0,056","0,077","0,057","0,069","0,067","0,051","0,078","0,044","0,092","0,191","0,124"
"Відсоток учнів, що здали ЗНО з фізики на 100-135,5 балів","учнів, що задовільно здали ЗНО з фізики",Результати зовнішнього незалежного оцінювання – 2012. Регіональні дані,Український центр оцінювання якості освіти,2012,http://testportal.gov.ua/reports/,15.08.2012,,"0,199","0,191","0,196","0,202","0,171","0,186","0,185","0,189","0,14","0,166","0,225","0,208","0,149","0,196","0,199","0,2","0,157","0,202","0,164","0,198","0,197","0,203","0,156","0,197","0,158","0,083","0,125"
"Частка учнів, що здали ЗНО з фізики на 136-183 балів","учнів, що добре здали ЗНО з фізики",Результати зовнішнього незалежного оцінювання – 2012. Регіональні дані,Український центр оцінювання якості освіти,2012,http://testportal.gov.ua/reports/,15.08.2012,,"0,752","0,747","0,763","0,733","0,774","0,77","0,779","0,759","0,753","0,764","0,726","0,749","0,747","0,747","0,755","0,759","0,776","0,743","0,776","0,745","0,734","0,751","0,776","0,765","0,756","0,716","0,804"
"Частка учнів, що здали ЗНО з фізики на 183,5-200 балів","учнів, що відмінно здали ЗНО з фізики",Результати зовнішнього незалежного оцінювання – 2012. Регіональні дані,Український центр оцінювання якості освіти,2012,http://testportal.gov.ua/reports/,15.08.2012,,"0,049","0,062","0,04","0,065","0,054","0,044","0,036","0,052","0,107","0,07","0,049","0,042","0,104","0,057","0,046","0,041","0,067","0,055","0,06","0,056","0,069","0,046","0,068","0,038","0,086","0,202","0,072"
"Відсоток учнів, що здали ЗНО з хімії на 100-135,5 балів","учнів, що задовільно здали ЗНО з хімії ",Результати зовнішнього незалежного оцінювання – 2012. Регіональні дані,Український центр оцінювання якості освіти,2012,http://testportal.gov.ua/reports/,15.08.2012,,"0,243","0,205","0,165","0,246","0,175","0,218","0,203","0,19","0,178","0,258","0,259","0,191","0,151","0,209","0,216","0,219","0,188","0,205","0,187","0,214","0,254","0,188","0,179","0,238","0,176","0,132","0,129"
"Частка учнів, що здали ЗНО з хімії на 136-183 балів","учнів, що добре здали ЗНО з хімії ",Результати зовнішнього незалежного оцінювання – 2012. Регіональні дані,Український центр оцінювання якості освіти,2012,http://testportal.gov.ua/reports/,15.08.2012,,"0,704","0,719","0,738","0,698","0,766","0,716","0,727","0,753","0,71","0,698","0,717","0,766","0,695","0,736","0,731","0,742","0,716","0,734","0,723","0,728","0,712","0,73","0,766","0,697","0,731","0,764","0,764"
"Частка учнів, що здали ЗНО з хімії на 183,5-200 балів","учнів, що відмінно здали ЗНО з хімії ",Результати зовнішнього незалежного оцінювання – 2012. Регіональні дані,Український центр оцінювання якості освіти,2012,http://testportal.gov.ua/reports/,15.08.2012,,"0,053","0,076","0,097","0,056","0,059","0,066","0,069","0,057","0,112","0,045","0,025","0,043","0,154","0,055","0,053","0,039","0,096","0,061","0,09","0,058","0,034","0,082","0,055","0,065","0,093","0,104","0,107"
"Відсоток учнів, що здали ЗНО з української мови та літератури на 100-135,5 балів","учнів, що задовільно здали ЗНО з української",Результати зовнішнього незалежного оцінювання – 2012. Регіональні дані,Український центр оцінювання якості освіти,2012,http://testportal.gov.ua/reports/,15.08.2012,,"0,32","0,205","0,182","0,221","0,198","0,221","0,288","0,238","0,168","0,202","0,228","0,231","0,14","0,23","0,25","0,186","0,205","0,185","0,174","0,207","0,249","0,223","0,174","0,286","0,176","0,118","0,249"
"Частка учнів, що здали ЗНО з української мови та літератури на 136-183 балів","учнів, що добре здали ЗНО з української",Результати зовнішнього незалежного оцінювання – 2012. Регіональні дані,Український центр оцінювання якості освіти,2012,http://testportal.gov.ua/reports/,15.08.2012,,"0,659","0,733","0,74","0,729","0,743","0,72","0,658","0,721","0,736","0,736","0,731","0,733","0,721","0,727","0,709","0,756","0,737","0,743","0,749","0,74","0,712","0,724","0,758","0,674","0,747","0,744","0,709"
"Частка учнів, що здали ЗНО з української мови та літератури на 183,5-200 балів","учнів, що відмінно здали ЗНО з української",Результати зовнішнього незалежного оцінювання – 2012. Регіональні дані,Український центр оцінювання якості освіти,2012,http://testportal.gov.ua/reports/,15.08.2012,,"0,02","0,061","0,078","0,05","0,06","0,059","0,054","0,041","0,097","0,062","0,041","0,036","0,139","0,043","0,041","0,058","0,058","0,072","0,077","0,053","0,039","0,053","0,069","0,04","0,077","0,138","0,042"
"Відсоток учнів, що здали ЗНО з російської мови на 100-135,5 балів","учнів, що задовільно здали ЗНО з російської",Результати зовнішнього незалежного оцінювання – 2012. Регіональні дані,Український центр оцінювання якості освіти,2012,http://testportal.gov.ua/reports/,15.08.2012,,"0,233","0,337","0,256","0,259","0,2","0,219","0,277","0,209","0,182","0,238","0,172","0,219","0,158","0,378","0,216","0,188","0,333","0,157","0,158","0,312","0,193","0,184","0,246","0,231","0,113","0,218","0,23"
"Частка учнів, що здали ЗНО з російської мови на 136-183 балів","учнів, що добре здали ЗНО з російської",Результати зовнішнього незалежного оцінювання – 2012. Регіональні дані,Український центр оцінювання якості освіти,2012,http://testportal.gov.ua/reports/,15.08.2012,,"0,721","0,635","0,718","0,69","0,733","0,685","0,723","0,713","0,773","0,698","0,766","0,724","0,789","0,58","0,712","0,776","0,611","0,742","0,842","0,643","0,718","0,789","0,702","0,769","0,792","0,709","0,701"
"Частка учнів, що здали ЗНО з російської мови на 183,5-200 балів","учнів, що відмінно здали ЗНО з російської",Результати зовнішнього незалежного оцінювання – 2012. Регіональні дані,Український центр оцінювання якості освіти,2012,http://testportal.gov.ua/reports/,15.08.2012,,"0,046","0,029","0,026","0,051","0,067","0,096",0,"0,078","0,045","0,063","0,063","0,057","0,053","0,042","0,072","0,035","0,056","0,101",0,"0,045","0,088","0,026","0,053",0,"0,094","0,073","0,069"
Вибори до верховної Ради-2012. Партія Регіонів,голосів населення за Партію регіонів,Результати виборів до Верховної Ради України 2012. ,ЦВК,2012,http://www.cvk.gov.ua/pls/vnd2012/wp320?PT001F01=900,28.10.2012,,"0,195","0,085","0,063","0,150","0,291","0,101","0,115","0,183","0,025","0,105","0,110","0,257","0,024","0,163","0,152","0,102","0,072","0,098","0,034","0,169","0,117","0,091","0,092","0,093","0,098","0,058","0,180"
Вибори до верховної Ради-2012. Батьківщина,голосів населення за Батьківщину,Результати виборів до Верховної Ради України 2012.,ЦВК,2012,http://www.cvk.gov.ua/pls/vnd2012/WP320?PT001F01=900&pPlace=2,28.10.2012,,"0,049","0,221","0,191","0,077","0,024","0,168","0,103","0,067","0,182","0,183","0,135","0,025","0,184","0,068","0,056","0,140","0,166","0,168","0,205","0,063","0,087","0,184","0,187","0,178","0,150","0,143","0,022"
Вибори до верховної Ради-2012. УДАР,голосів населення за УДАР,Результати виборів до Верховної Ради України 2012.,ЦВК,2012,http://www.cvk.gov.ua/pls/vnd2012/WP320?PT001F01=900&pPlace=3,28.10.2012,,"0,027","0,066","0,077","0,061","0,021","0,066","0,075","0,055","0,073","0,093","0,063","0,021","0,075","0,050","0,050","0,086","0,078","0,078","0,077","0,053","0,054","0,080","0,085","0,086","0,063","0,117","0,019"
Вибори до верховної Ради-2012. КПУ,голосів населення за КПУ,Результати виборів до Верховної Ради України 2012.,ЦВК,2012,http://www.cvk.gov.ua/pls/vnd2012/WP320?PT001F01=900&pPlace=4,28.10.2012,,"0,072","0,088","0,034","0,081","0,084","0,060","0,019","0,095","0,009","0,030","0,057","0,113","0,010","0,077","0,066","0,063","0,028","0,057","0,010","0,086","0,093","0,076","0,046","0,025","0,064","0,033","0,113"
Вибори до верховної Ради-2012. Свобода,голосів населення за Свободу,Результати виборів до Верховної Ради України 2012.,ЦВК,2012,http://www.cvk.gov.ua/pls/vnd2012/WP320?PT001F01=900&pPlace=5,28.10.2012,,"0,004","0,041","0,087","0,022","0,005","0,035","0,031","0,017","0,161","0,054","0,026","0,006","0,197","0,017","0,012","0,037","0,076","0,030","0,164","0,016","0,019","0,058","0,047","0,039","0,029","0,080","0,005"
Вибори Президента-2010. Другий тур. Янукович,голосів населення за Януковича,Результати виборів до Верховної Ради України 2012.,ЦВК,2010,http://www.cvk.gov.ua/pls/vp2010/WP0011,07.02.2010,,"0,418","0,140","0,081","0,349","0,557","0,204","0,179","0,410","0,042","0,133","0,205","0,549","0,052","0,380","0,363","0,217","0,105","0,170","0,050","0,392","0,300","0,146","0,160","0,134","0,180","0,132","0,465"
Вибори Президента-2010. Другий тур. Тимошенко,голосів населення за Тимошенко,Результати виборів до Верховної Ради України 2012.,ЦВК,2010,http://www.cvk.gov.ua/pls/vp2010/WP0011,07.02.2010,,"0,092","0,410","0,473","0,162","0,040","0,319","0,223","0,127","0,530","0,394","0,283","0,048","0,517","0,122","0,096","0,302","0,423","0,352","0,557","0,123","0,169","0,407","0,362","0,322","0,370","0,336","0,057"
